               epoch,      train/box_loss,      train/obj_loss,      train/cls_loss,   metrics/precision,      metrics/recall,     metrics/mAP_0.5,metrics/mAP_0.5:0.95,        val/box_loss,        val/obj_loss,        val/cls_loss,               x/lr0,               x/lr1,               x/lr2
                   0,            0.016751,           0.0075923,           0.0012533,             0.98453,             0.98918,             0.99242,             0.88728,            0.011442,           0.0047257,          0.00034531,            0.070682,           0.0032576,           0.0032576
                   1,            0.020014,           0.0076548,            0.001586,             0.98103,             0.99236,             0.99095,              0.7928,            0.016717,           0.0054457,          0.00058099,              0.0406,           0.0065093,           0.0065093
                   2,            0.024454,           0.0081458,           0.0017211,             0.98166,             0.99563,             0.99236,             0.78894,            0.016207,           0.0054779,          0.00092895,            0.010436,           0.0096786,           0.0096786
                   3,            0.025022,           0.0088205,           0.0022165,             0.98841,              0.9942,             0.99129,             0.82047,            0.015132,           0.0053901,           0.0010783,           0.0096288,           0.0096288,           0.0096288
                   4,            0.024403,           0.0083083,           0.0021436,             0.98017,              0.9893,             0.98737,             0.81298,            0.015059,           0.0053449,           0.0011085,           0.0096288,           0.0096288,           0.0096288
                   5,            0.023291,           0.0085017,           0.0021797,             0.97882,             0.99291,             0.99283,             0.84162,            0.013603,            0.005279,           0.0012687,            0.009505,            0.009505,            0.009505
                   6,             0.02431,           0.0088938,           0.0022168,              0.9836,             0.99225,             0.98785,              0.8299,            0.013753,           0.0052361,           0.0011398,           0.0093813,           0.0093813,           0.0093813
                   7,            0.023091,           0.0087563,           0.0024756,             0.98848,             0.99186,              0.9895,             0.78828,            0.014893,           0.0054766,          0.00099752,           0.0092575,           0.0092575,           0.0092575
                   8,            0.023065,           0.0086476,           0.0022633,             0.98202,             0.98963,             0.98578,             0.82828,            0.014725,           0.0055015,           0.0011194,           0.0091337,           0.0091337,           0.0091337
                   9,            0.023118,           0.0088025,           0.0022612,              0.9799,             0.98614,             0.98593,             0.82809,             0.01479,           0.0054966,           0.0010173,             0.00901,             0.00901,             0.00901
                  10,            0.022522,           0.0086033,           0.0021177,             0.98859,             0.98617,             0.98997,             0.81253,             0.01538,           0.0056177,            0.001004,           0.0088863,           0.0088863,           0.0088863
                  11,            0.022451,           0.0084252,           0.0019882,             0.98793,             0.99666,             0.98892,             0.85807,            0.012806,           0.0053943,          0.00087848,           0.0087625,           0.0087625,           0.0087625
                  12,            0.020976,            0.008165,           0.0020416,             0.98728,             0.99465,             0.98839,             0.84674,            0.012648,           0.0049827,          0.00095942,           0.0086388,           0.0086388,           0.0086388
                  13,            0.021319,           0.0084626,           0.0019806,              0.9882,             0.99511,             0.98881,             0.86445,            0.012302,            0.004892,          0.00091739,            0.008515,            0.008515,            0.008515
                  14,            0.020252,           0.0078669,            0.001876,             0.98471,             0.99716,             0.99174,             0.83184,            0.014129,           0.0052907,          0.00083985,           0.0083913,           0.0083913,           0.0083913
                  15,            0.021017,           0.0081397,           0.0018502,              0.9878,             0.99416,             0.98904,             0.86219,            0.012545,            0.004896,          0.00091942,           0.0082675,           0.0082675,           0.0082675
                  16,            0.019899,           0.0080214,           0.0020362,             0.98879,             0.99593,             0.98792,             0.85994,             0.01251,           0.0050022,          0.00088171,           0.0081437,           0.0081437,           0.0081437
                  17,            0.019927,           0.0079652,           0.0018458,             0.98911,              0.9957,             0.98839,             0.86156,            0.012495,           0.0049876,          0.00083735,             0.00802,             0.00802,             0.00802
                  18,            0.020035,           0.0078802,           0.0019197,             0.98555,             0.99614,             0.99108,             0.85712,            0.011933,           0.0048804,          0.00078292,           0.0078963,           0.0078963,           0.0078963
                  19,            0.019613,           0.0078864,           0.0017637,             0.98708,             0.99593,             0.99154,             0.87777,            0.012206,             0.00469,          0.00079986,           0.0077725,           0.0077725,           0.0077725
                  20,            0.019288,           0.0079865,           0.0017799,             0.98905,             0.99343,             0.99388,             0.87322,            0.011661,           0.0047267,          0.00072947,           0.0076488,           0.0076488,           0.0076488
                  21,            0.019254,           0.0078671,           0.0017144,             0.98355,             0.99168,             0.99133,             0.86747,            0.012426,           0.0049681,          0.00080689,            0.007525,            0.007525,            0.007525
                  22,            0.019112,           0.0076779,           0.0016352,             0.98604,             0.99294,             0.99316,             0.86117,            0.012613,           0.0049298,          0.00078884,           0.0074013,           0.0074013,           0.0074013
                  23,            0.018605,           0.0077457,           0.0017028,             0.98768,             0.99914,             0.99013,             0.86928,            0.011711,           0.0046762,          0.00070918,           0.0072775,           0.0072775,           0.0072775
                  24,            0.018243,           0.0075378,           0.0016595,             0.98745,             0.99894,              0.9932,             0.89015,            0.011245,           0.0044678,          0.00076193,           0.0071538,           0.0071538,           0.0071538
                  25,            0.018233,            0.007622,           0.0015617,             0.98699,             0.99779,             0.99385,             0.87227,             0.01181,           0.0046591,          0.00071949,             0.00703,             0.00703,             0.00703
                  26,             0.01816,           0.0074255,           0.0015878,             0.98259,             0.99763,             0.99195,              0.8836,            0.011288,           0.0046286,            0.001066,           0.0069063,           0.0069063,           0.0069063
                  27,            0.018096,           0.0077586,           0.0016812,              0.9882,             0.99463,             0.99405,             0.87163,            0.011351,           0.0046259,          0.00068373,           0.0067825,           0.0067825,           0.0067825
                  28,            0.017624,           0.0073383,           0.0015299,             0.98772,             0.99463,             0.98973,             0.89596,            0.011186,           0.0046167,          0.00067958,           0.0066587,           0.0066587,           0.0066587
                  29,            0.018628,           0.0076712,            0.001629,             0.98319,              0.9958,             0.99421,             0.84676,            0.011973,           0.0047769,          0.00068433,            0.006535,            0.006535,            0.006535
                  30,            0.017448,           0.0073937,           0.0015971,             0.98949,             0.98795,              0.9946,             0.88695,            0.010951,           0.0046067,          0.00074407,           0.0064112,           0.0064112,           0.0064112
                  31,            0.017001,           0.0072251,           0.0015604,             0.99163,              0.9879,             0.99332,             0.88341,            0.011088,           0.0047039,          0.00072089,           0.0062875,           0.0062875,           0.0062875
                  32,            0.017397,           0.0069954,           0.0015374,             0.99294,              0.9909,              0.9935,             0.88062,            0.011667,           0.0045907,          0.00063177,           0.0061637,           0.0061637,           0.0061637
                  33,            0.017252,           0.0075065,            0.001539,              0.9847,             0.99227,             0.99342,             0.90091,            0.010858,            0.004458,          0.00070925,             0.00604,             0.00604,             0.00604
                  34,            0.016745,           0.0070999,            0.001357,             0.98881,             0.99491,              0.9941,             0.89962,            0.010509,           0.0043906,          0.00062216,           0.0059163,           0.0059163,           0.0059163
                  35,            0.016254,           0.0071186,           0.0013161,             0.99089,             0.99854,             0.99437,              0.8936,             0.01044,           0.0043863,          0.00062579,           0.0057925,           0.0057925,           0.0057925
                  36,            0.016481,           0.0067496,           0.0012707,             0.98886,             0.99656,               0.994,             0.90073,            0.010017,           0.0042693,          0.00065032,           0.0056688,           0.0056688,           0.0056688
                  37,            0.016495,           0.0071372,           0.0013083,             0.98611,             0.99337,             0.99004,             0.89568,            0.010507,           0.0043683,          0.00064891,            0.005545,            0.005545,            0.005545
                  38,            0.015956,           0.0071511,           0.0012473,             0.99147,             0.99455,             0.99433,             0.91099,            0.010007,           0.0042438,          0.00061069,           0.0054212,           0.0054212,           0.0054212
                  39,            0.016028,           0.0069165,           0.0013484,             0.99076,             0.98558,              0.9942,             0.91183,            0.010138,           0.0044178,          0.00060762,           0.0052975,           0.0052975,           0.0052975
                  40,            0.015593,           0.0072089,            0.001312,               0.994,             0.99744,             0.99487,             0.90199,            0.010146,            0.004369,          0.00058256,           0.0051737,           0.0051737,           0.0051737
                  41,            0.015659,           0.0068555,           0.0012918,             0.99086,             0.99136,             0.99372,             0.89664,            0.010362,           0.0042787,          0.00055418,             0.00505,             0.00505,             0.00505
                  42,            0.015187,           0.0067689,           0.0013276,             0.99097,             0.99589,             0.99468,             0.91105,            0.009897,            0.004228,          0.00055947,           0.0049263,           0.0049263,           0.0049263
                  43,            0.015531,           0.0068801,           0.0011788,             0.98973,             0.99049,             0.99081,             0.90132,           0.0098358,           0.0041737,          0.00057325,           0.0048025,           0.0048025,           0.0048025
                  44,            0.014744,           0.0065176,           0.0013098,             0.99347,              0.9817,             0.99178,             0.91072,            0.010085,           0.0044028,          0.00058863,           0.0046788,           0.0046788,           0.0046788
                  45,            0.015053,           0.0067044,           0.0011144,             0.98302,             0.99346,             0.99115,             0.91573,           0.0099406,           0.0042038,          0.00056831,            0.004555,            0.004555,            0.004555
                  46,            0.014862,           0.0066866,           0.0012789,             0.98805,             0.98806,             0.99376,             0.89562,            0.010331,           0.0045089,          0.00055341,           0.0044313,           0.0044313,           0.0044313
                  47,             0.01439,           0.0065882,           0.0012192,             0.99012,             0.99337,              0.9913,             0.90935,           0.0096023,           0.0041006,          0.00051493,           0.0043075,           0.0043075,           0.0043075
                  48,            0.014867,           0.0067931,           0.0011778,             0.99147,             0.99238,             0.99123,             0.90836,           0.0095937,           0.0041339,          0.00052909,           0.0041837,           0.0041837,           0.0041837
                  49,            0.014294,           0.0065162,           0.0011179,             0.99181,             0.99744,              0.9946,             0.91753,           0.0096116,           0.0040324,          0.00050943,             0.00406,             0.00406,             0.00406
                  50,            0.014339,           0.0063972,           0.0011378,             0.99236,             0.99523,             0.99454,             0.92389,           0.0093012,            0.004061,          0.00050559,           0.0039362,           0.0039362,           0.0039362
                  51,            0.014539,           0.0064857,            0.001017,              0.9943,             0.99601,             0.99476,             0.91744,           0.0097972,            0.004124,          0.00049077,           0.0038125,           0.0038125,           0.0038125
                  52,            0.014302,            0.006637,            0.001101,             0.99259,             0.99808,              0.9941,             0.92415,           0.0091829,           0.0040452,          0.00043829,           0.0036888,           0.0036888,           0.0036888
                  53,            0.014095,           0.0064749,            0.001161,             0.99403,             0.99948,               0.995,             0.92173,           0.0092237,           0.0039938,          0.00041802,            0.003565,            0.003565,            0.003565
                  54,            0.014052,            0.006307,           0.0011419,             0.99402,             0.99828,               0.995,             0.92136,           0.0092331,           0.0039016,          0.00041229,           0.0034413,           0.0034413,           0.0034413
                  55,            0.013462,           0.0063263,          0.00099792,             0.99147,             0.99744,             0.99495,             0.92705,           0.0090857,           0.0039398,          0.00039431,           0.0033175,           0.0033175,           0.0033175
                  56,            0.013804,           0.0061939,           0.0011336,             0.99539,             0.99337,             0.99188,             0.93309,           0.0090352,           0.0039038,          0.00041165,           0.0031938,           0.0031938,           0.0031938
                  57,            0.013411,           0.0062485,           0.0010002,             0.98869,             0.99946,             0.99443,             0.92464,           0.0090827,           0.0038303,          0.00038133,             0.00307,             0.00307,             0.00307
                  58,             0.01299,           0.0060873,          0.00099071,             0.99305,             0.99593,             0.99489,             0.92595,           0.0090555,           0.0038577,           0.0003578,           0.0029462,           0.0029462,           0.0029462
                  59,            0.013548,           0.0064236,           0.0011111,             0.99459,             0.99396,             0.99429,             0.93284,           0.0088406,           0.0038246,          0.00035932,           0.0028225,           0.0028225,           0.0028225
                  60,            0.012908,           0.0061786,          0.00095113,             0.99295,             0.99856,             0.99492,             0.93269,           0.0088118,           0.0037341,          0.00036756,           0.0026987,           0.0026987,           0.0026987
                  61,            0.013149,           0.0061016,           0.0010572,               0.994,             0.99707,             0.99448,             0.92704,           0.0092748,            0.003917,          0.00036142,            0.002575,            0.002575,            0.002575
                  62,            0.012837,           0.0059981,          0.00097566,             0.99449,             0.99873,             0.99492,             0.93524,           0.0087916,           0.0037072,          0.00033148,           0.0024513,           0.0024513,           0.0024513
                  63,            0.012326,           0.0057565,          0.00082188,             0.99463,             0.99629,             0.99438,             0.94074,           0.0086884,            0.003781,          0.00033078,           0.0023275,           0.0023275,           0.0023275
                  64,            0.012535,           0.0058423,          0.00087137,             0.99528,             0.99744,             0.99489,              0.9361,           0.0086535,           0.0038376,            0.000324,           0.0022038,           0.0022038,           0.0022038
                  65,            0.012773,           0.0064182,           0.0010643,             0.99528,             0.99744,             0.99479,             0.93368,            0.008761,           0.0037956,          0.00031133,             0.00208,             0.00208,             0.00208
                  66,            0.012416,           0.0059391,          0.00094477,             0.99415,              0.9933,             0.99188,             0.94139,           0.0087596,           0.0038592,          0.00029449,           0.0019563,           0.0019563,           0.0019563
                  67,            0.012488,           0.0059625,          0.00094619,             0.99535,             0.99229,             0.99194,             0.94083,           0.0086571,           0.0037726,          0.00028514,           0.0018325,           0.0018325,           0.0018325
                  68,            0.012315,           0.0059194,          0.00091267,             0.99315,             0.99708,             0.99484,             0.93959,            0.008669,           0.0037334,           0.0002696,           0.0017087,           0.0017087,           0.0017087
                  69,            0.012254,           0.0057957,          0.00087721,             0.99547,             0.99383,             0.99184,              0.9395,           0.0085099,            0.003706,             0.00026,            0.001585,            0.001585,            0.001585
                  70,             0.01198,           0.0058475,          0.00083549,             0.99402,             0.99946,             0.99486,             0.94178,           0.0084001,           0.0036786,          0.00024573,           0.0014612,           0.0014612,           0.0014612
                  71,             0.01239,           0.0058983,          0.00088893,             0.99484,             0.99593,             0.99178,             0.93709,           0.0088515,           0.0036947,          0.00024473,           0.0013375,           0.0013375,           0.0013375
                  72,             0.01189,           0.0058996,          0.00080566,             0.99453,             0.99402,              0.9919,              0.9444,           0.0084508,           0.0037294,          0.00022841,           0.0012138,           0.0012138,           0.0012138
                  73,            0.011801,           0.0059077,          0.00088412,             0.99444,             0.99911,             0.99492,              0.9405,            0.008417,           0.0036368,          0.00021476,             0.00109,             0.00109,             0.00109
                  74,            0.012184,           0.0057461,          0.00079845,             0.99463,             0.99975,             0.99484,             0.94212,           0.0083801,           0.0035955,            0.000209,          0.00096625,          0.00096625,          0.00096625
                  75,            0.012111,           0.0059495,          0.00092846,             0.99538,              0.9924,             0.99158,             0.94011,           0.0085066,           0.0037165,          0.00021243,           0.0008425,           0.0008425,           0.0008425
                  76,            0.011527,           0.0057572,          0.00074889,             0.99485,             0.99398,             0.99164,             0.94526,            0.008264,           0.0035843,          0.00020839,          0.00071875,          0.00071875,          0.00071875
                  77,             0.01198,           0.0059016,          0.00082535,              0.9955,             0.99203,             0.99172,             0.94238,           0.0083185,           0.0036335,          0.00020007,            0.000595,            0.000595,            0.000595
                  78,            0.011615,           0.0056732,          0.00083073,             0.99524,             0.99264,             0.99177,             0.94545,           0.0082904,           0.0036304,          0.00019349,          0.00047125,          0.00047125,          0.00047125
                  79,            0.011419,           0.0056686,          0.00078558,             0.99514,             0.99269,             0.99171,             0.94836,           0.0082564,           0.0036034,          0.00018737,           0.0003475,           0.0003475,           0.0003475
