id,file,text,scene,priority
1,system_ready.wav,系统就绪,程序启动成功,必备
2,inventory_reset.wav,库存已清空,点击清空库存,必备
3,inventory_initialized.wav,库存已按当前画面初始化,点击初始化库存,必备
4,no_stable_snapshot.wav,当前没有稳定识别结果,初始化失败,必备
5,camera_quality_bad.wav,当前画面质量较差，已暂停库存更新,暗光、遮挡、模糊,必备
6,label_saved.wav,标签录入成功，已记录保质期和营养信息,标签录入成功,必备
7,label_failed.wav,标签识别失败，请重新对准包装标签,标签识别失败,增强
8,reminder_saved.wav,食用提醒已设置,设置提醒成功,增强
9,assistant_ready.wav,智能助手已就绪,进入助手页,增强
10,apple_add.wav,苹果已入库,放入苹果,必备
11,apple_remove.wav,苹果已取出,取出苹果,必备
12,banana_add.wav,香蕉已入库,放入香蕉,必备
13,banana_remove.wav,香蕉已取出,取出香蕉,增强
14,milk_add.wav,牛奶已入库,放入牛奶,必备
15,milk_remove.wav,牛奶已取出,取出牛奶,增强
16,coke_add.wav,饮料已入库,放入可乐/饮料罐,必备
17,coke_remove.wav,饮料已取出,取出可乐/饮料罐,增强
18,egg_add.wav,鸡蛋已入库,放入鸡蛋,必备
19,egg_remove.wav,鸡蛋已取出,取出鸡蛋,必备
20,blueberry_add.wav,蓝莓已入库,放入整盒蓝莓,必备
21,blueberry_half.wav,蓝莓剩余半盒，请尽快食用,蓝莓取出一半,必备
22,blueberry_remove.wav,蓝莓已取出,取出蓝莓,增强
23,multi_add.wav,多种食材已同时入库,同时放入多个食材,增强
24,multi_remove.wav,多种食材已同时取出,同时取出多个食材,增强
25,inventory_empty.wav,当前冰箱库存为空,助手查询库存为空,增强
26,inventory_updated.wav,库存已更新,通用兜底播报,必备
27,eat_soon.wav,有食材即将临期，请尽快食用,保质期提醒,增强
28,milk_expire_reminder.wav,牛奶临期，请优先饮用,牛奶保质期提醒,增强
29,coke_nutrition_saved.wav,饮料营养信息已记录,可乐标签录入成功,增强
30,milk_nutrition_saved.wav,牛奶营养信息已记录,牛奶标签录入成功,增强
